ZONE,PRIMARY START,PRIMARY END,DIRECTIONS 1,IMAGE URL 1,DIRECTIONS 2,IMAGE URL 2,DIRECTIONS 3,IMAGE URL 3,DIRECTIONS 4,IMAGE URL 4
Zone 1,A1,A2,Take stairs up,https://i.imgur.com/4DVdNMz.jpg
Zone 1,A1,A3,Continue straight,https://i.imgur.com/i6KFyzX.jpg,Take a slight left to elevator,https://i.imgur.com/mVMz3MI.jpg
Zone 1,A1,A4,Continue straight,https://i.imgur.com/aTlLrnW.jpg
Zone 1,A1,A6,Turn left,https://i.imgur.com/2yqYYCx.jpg,Continue straight,https://i.imgur.com/mA5pKBs.jpg,Turn left to enter buidling,https://i.imgur.com/US6tHSP.jpg
Zone 1,A2,A1,Exit building,https://i.imgur.com/2WcvW2Z.jpg
Zone 1,A2,A3,Turn left,https://i.imgur.com/cUbCvyU.jpg,Continue straight,https://i.imgur.com/i6KFyzX.jpg,Take a slight left to elevator,https://i.imgur.com/mVMz3MI.jpg
Zone 1,A2,A4,Turn left,https://i.imgur.com/cUbCvyU.jpg,Continue straight,https://i.imgur.com/aTlLrnW.jpg
Zone 1,A3,A1,Turn right,https://i.imgur.com/TujUXv3.jpg,Continue straight,https://i.imgur.com/FgxdkgI.jpg,Exit building,https://i.imgur.com/6CnQB2G.jpg
Zone 1,A3,A2,Turn right,https://i.imgur.com/TujUXv3.jpg,Continue straight,https://i.imgur.com/FgxdkgI.jpg,Take stairs up,https://i.imgur.com/t0j9B17.jpg
Zone 1,A3,A4,Turn left,https://i.imgur.com/lGUUvve.jpg,Continue straight,https://i.imgur.com/mqBBtGY.jpg
Zone 1,A3,B2,Exit Floor L,https://i.imgur.com/cssoHTS.jpg
Zone 1,A3,C3,Exit Floor 3,https://i.imgur.com/IOapqIp.jpg
Zone 1,A4,A1,Continue straight,https://i.imgur.com/wx26S7f.jpg,Exit building,https://i.imgur.com/6CnQB2G.jpg
Zone 1,A4,A2,Continue straight,https://i.imgur.com/wx26S7f.jpg,Take stairs up,https://i.imgur.com/t0j9B17.jpg
Zone 1,A4,A3,Continue straight,https://i.imgur.com/wx26S7f.jpg,Take a slight right to elevator,https://i.imgur.com/SV5dgAa.jpg
Zone 1,A4,A5,Turn right,https://i.imgur.com/kBKjDX3.jpg,Continue straight,https://i.imgur.com/j6hiRm4.jpg,Take a right through doors,https://i.imgur.com/C5XNWoE.jpg
Zone 1,A4,A7,Take a slight left,https://i.imgur.com/HqBCpVs.jpg,Take stairs down,https://i.imgur.com/JaAtXrS.jpg
Zone 1,A4,A8,Turn left,https://i.imgur.com/IBXWEfh.jpg,Continue straight,https://i.imgur.com/L5UsMIs.jpg

Zone 2,A5,A4,Continue straight,https://i.imgur.com/U1DT2dF.jpg,Take a slight left,https://i.imgur.com/je3dNzr.jpg,Continue straight,https://i.imgur.com/W17QXR1.jpg
Zone 2,A5,A6,Continue straight,https://i.imgur.com/oFMzL8j.jpg,Continue straight to exit,https://i.imgur.com/5I59PH0.jpg
Zone 2,A5,A7,Continue straight,https://i.imgur.com/U1DT2dF.jpg,Take a slight right,https://i.imgur.com/KefxBLy.jpg,Take stairs down,https://i.imgur.com/JaAtXrS.jpg
Zone 2,A5,A8,Continue straight,https://i.imgur.com/U1DT2dF.jpg,Take a slight left,https://i.imgur.com/hjpVlsJ.jpg,Continue straight,https://i.imgur.com/fRyd6LL.jpg
Zone 2,A6,A1,Turn right,https://i.imgur.com/S8qMoxS.jpg,Continue straight,https://i.imgur.com/GJ9ys4z.jpg,Turn right to enter building,https://i.imgur.com/r9EG9w2.jpg
Zone 2,A6,A5,Continue straight,https://i.imgur.com/XxcnxYz.jpg,Take a slight left,https://i.imgur.com/dsOvahO.jpg

Zone 3,A7,A4,Take a slight right,https://i.imgur.com/IeuG3vq.jpg,Continue straight,https://i.imgur.com/W17QXR1.jpg
Zone 3,A7,A5,Turn left,https://i.imgur.com/NrN99cU.jpg,Continue straight,https://i.imgur.com/j6hiRm4.jpg
Zone 3,A7,A8,Take a slight right,https://i.imgur.com/IeuG3vq.jpg,Turn right,https://i.imgur.com/sCC2zue.jpg,Continue straight,https://i.imgur.com/fRyd6LL.jpg
Zone 3,A7,A9,Turn around,https://i.imgur.com/qp6vvKZ.jpg,Continue straight,https://i.imgur.com/CYWOjrN.jpg
Zone 3,A7,A10,Continue straight,https://i.imgur.com/zs6JU00.jpg,Continue straight,https://i.imgur.com/3UdaSeZ.jpg
Zone 3,A7,A27,Take a slight right,https://i.imgur.com/DYbx6Gz.jpg,Exit building,https://i.imgur.com/luJ1rZu.jpg,Continue straight; then right,https://i.imgur.com/2rI7J8B.jpg,Take stairs up,https://i.imgur.com/9EYBoRO.jpg
Zone 3,A7,A28,Take a slight right,https://i.imgur.com/DYbx6Gz.jpg,Exit building,https://i.imgur.com/luJ1rZu.jpg,Turn right to elevator,https://i.imgur.com/XWcMZzJ.jpg
Zone 3,A7,A29,Take a slight right,https://i.imgur.com/DYbx6Gz.jpg,Exit building,https://i.imgur.com/luJ1rZu.jpg,Turn right,https://i.imgur.com/8nFAYrY.jpg

Zone 4,A10,A7,Take stairs up,https://i.imgur.com/WoCYwym.jpg
Zone 4,A10,A9,Continue straight through doors,https://i.imgur.com/7Dm1Zou.jpg
Zone 4,A10,A11,Continue straight,https://i.imgur.com/ecsMfzT.jpg,Take a slight right to elevator,https://i.imgur.com/0xP0HWD.jpg
Zone 4,A10,A12,Continue straight,https://i.imgur.com/ecsMfzT.jpg,Take a slight left through doors,https://i.imgur.com/DQ1n8MP.jpg
Zone 4,A10,A13,Continue straight,https://i.imgur.com/ecsMfzT.jpg,Turn right,https://i.imgur.com/gOaMmWY.jpg
Zone 4,A10,A14,Continue straight,https://i.imgur.com/ecsMfzT.jpg,Turn left,https://i.imgur.com/KzYLHLS.jpg
Zone 4,A10,A27,Continue straight; then left,https://i.imgur.com/3MXPKCJ.jpg,Exit building,https://i.imgur.com/luJ1rZu.jpg,Continue straight; then right,https://i.imgur.com/2rI7J8B.jpg,Take stairs up,https://i.imgur.com/9EYBoRO.jpg
Zone 4,A10,A28,Continue straight; then left,https://i.imgur.com/3MXPKCJ.jpg,Exit building,https://i.imgur.com/luJ1rZu.jpg,Turn right to elevator,https://i.imgur.com/XWcMZzJ.jpg
Zone 4,A10,A29,Continue straight; then left,https://i.imgur.com/3MXPKCJ.jpg,Exit building,https://i.imgur.com/luJ1rZu.jpg,Turn right,https://i.imgur.com/8nFAYrY.jpg
Zone 4,A27,A7,Turn left,https://i.imgur.com/ZWG16fR.jpg,Enter building,https://i.imgur.com/GU9g9lk.jpg,Continue straight; then take slight left,https://i.imgur.com/h1wRRWS.jpg,Take stairs up,https://i.imgur.com/WoCYwym.jpg
Zone 4,A27,A9,Turn left,https://i.imgur.com/ZWG16fR.jpg,Enter building,https://i.imgur.com/GU9g9lk.jpg,Continue straight,https://i.imgur.com/h1wRRWS.jpg,Take a left through doors,https://i.imgur.com/NaLHiIi.jpg
Zone 4,A27,A10,Turn left,https://i.imgur.com/ZWG16fR.jpg,Enter building,https://i.imgur.com/GU9g9lk.jpg,Continue straight; then right,https://i.imgur.com/VjyWt2B.jpg,Continue straight,https://i.imgur.com/3UdaSeZ.jpg
Zone 4,A28,A7,Turn left,https://i.imgur.com/ZWG16fR.jpg,Enter building,https://i.imgur.com/GU9g9lk.jpg,Continue straight; then take slight left,https://i.imgur.com/h1wRRWS.jpg,Take stairs up,https://i.imgur.com/WoCYwym.jpg
Zone 4,A28,A9,Turn left,https://i.imgur.com/ZWG16fR.jpg,Enter building,https://i.imgur.com/GU9g9lk.jpg,Continue straight,https://i.imgur.com/h1wRRWS.jpg,Take a left through doors,https://i.imgur.com/NaLHiIi.jpg
Zone 4,A28,A10,Turn left,https://i.imgur.com/ZWG16fR.jpg,Enter building,https://i.imgur.com/GU9g9lk.jpg,Continue straight; then right,https://i.imgur.com/VjyWt2B.jpg,Continue straight,https://i.imgur.com/3UdaSeZ.jpg
Zone 4,A29,A7,Turn left to enter buidling,https://i.imgur.com/TIUcKGd.jpg,Continue straight; then take slight left,https://i.imgur.com/h1wRRWS.jpg,Take stairs up,https://i.imgur.com/WoCYwym.jpg
Zone 4,A29,A9,Turn left to enter buidling,https://i.imgur.com/TIUcKGd.jpg,Continue straight,https://i.imgur.com/VjyWt2B.jpg,Take a left through doors,https://i.imgur.com/NaLHiIi.jpg
Zone 4,A29,A10,Turn left to enter buidling,https://i.imgur.com/TIUcKGd.jpg,Continue straight; then right,https://i.imgur.com/VjyWt2B.jpg,Continue straight,https://i.imgur.com/3UdaSeZ.jpg

Zone 5,A11,A10,Turn left,https://i.imgur.com/cxfDdbT.jpg,Continue straight,https://i.imgur.com/bpmB2yG.jpg
Zone 5,A11,A12,Continue straight through doors,https://i.imgur.com/a8KTIP3.jpg
Zone 5,A11,A14,Turn right,https://i.imgur.com/qwZsxFT.jpg,Continue straight,https://i.imgur.com/MzRvioc.jpg,Take a left through doors,https://i.imgur.com/KzYLHLS.jpg
Zone 5,A11,B44,Exit Floor 2,https://i.imgur.com/yYrZ0Rz.jpg
Zone 5,A11,C7,Exit Floor 3,https://i.imgur.com/1ZF9zMV.jpg
Zone 5,A11,D4,Exit Floor 4,https://i.imgur.com/EapjzJ9.jpg
Zone 5,A13,A10,Turn left,https://i.imgur.com/jPbcDwN.jpg,Continue straight,https://i.imgur.com/bpmB2yG.jpg
Zone 5,A13,A12,Continue straight through doors,https://i.imgur.com/83nDvEj.jpg
Zone 5,A13,A14,Take a slight right,https://i.imgur.com/LgpHR4T.jpg
Zone 5,A13,B47,Take stairs up,https://i.imgur.com/CTqOFtO.jpg
Zone 5,A14,A10,Turn right,https://i.imgur.com/tY4g56V.jpg,Continue straight,https://i.imgur.com/bpmB2yG.jpg
Zone 5,A14,A11,Take a slight left to elevator,https://i.imgur.com/Fh5bYgt.jpg
Zone 5,A14,A12,Turn right,https://i.imgur.com/tY4g56V.jpg,Take a right through doors,https://i.imgur.com/y5t2yim.jpg
Zone 5,A14,A13,Continue straight to stairs,https://i.imgur.com/3xLABW1.jpg
Zone 5,A14,A15,Take stairs up,https://i.imgur.com/QY7lRVu.jpg,Take a slight left,https://i.imgur.com/CrLEb7V.jpg,Turn left,https://i.imgur.com/PPMhgiT.jpg
Zone 5,A14,A16,Take stairs up,https://i.imgur.com/QY7lRVu.jpg,Continue straight through doors,https://i.imgur.com/YXQ3BZY.jpg

Zone 6,A16,A14,Continue straight,https://i.imgur.com/JShagHy.jpg,Take a left through doors,https://i.imgur.com/yW4j4Cw.jpg
Zone 6,A16,A15,Turn right,https://i.imgur.com/CSLGjEV.jpg,Take a slight left,https://i.imgur.com/s3aEGWc.jpg
Zone 6,A16,A17,Continue straight,https://i.imgur.com/VQxmZPl.jpg,Take stairs up to exit,https://i.imgur.com/FRqpiTc.jpg
Zone 6,A16,A18,Continue straight,https://i.imgur.com/VQxmZPl.jpg,Take a left through doors,https://i.imgur.com/3lW8QtS.jpg

Zone 7,A17,A16,Turn left,https://i.imgur.com/lmTHNuB.jpg,Continue straight through doors,https://i.imgur.com/9IvqKiB.jpg
Zone 7,A17,A18,Continue straight through doors,https://i.imgur.com/zDPu8gD.jpg
Zone 7,A18,A16,Turn right,https://i.imgur.com/9pq2tGe.jpg,Continue straight through doors,https://i.imgur.com/9IvqKiB.jpg
Zone 7,A18,A17,Take stairs up,https://i.imgur.com/WpUmSHO.jpg,Take stairs up to exit,https://i.imgur.com/FRqpiTc.jpg
Zone 7,A18,A19,Continue straight through doors,https://i.imgur.com/8y5N6qr.jpg

Zone 8,A19,A18,Continue straight through doors,https://i.imgur.com/y6CLbUP.jpg
Zone 8,A19,A20,Turn left,https://i.imgur.com/hLeOoCG.jpg

Zone 10,A20,A19,Take a right through doors,https://i.imgur.com/kTK7jAv.jpg
Zone 10,A20,A21,Continue straight,https://i.imgur.com/WmXvqCu.jpg,Continue straight,https://i.imgur.com/WmXvqCu.jpg
Zone 10,A21,A15,Turn left,https://i.imgur.com/Qp3YNaR.jpg,Continue straight,https://i.imgur.com/O17dAzO.jpg,Take a slight left,https://i.imgur.com/fDNW8aC.jpg
Zone 10,A21,A20,Continue straight,https://i.imgur.com/1pwLYXK.jpg,Continue straight,https://i.imgur.com/1pwLYXK.jpg

Zone 11,A15,A14,Turn right,https://i.imgur.com/3wJZ8s6.jpg,Take stairs down,https://i.imgur.com/JShagHy.jpg,Take a slight left through doors,https://i.imgur.com/ljgmFBL.jpg
Zone 11,A15,A16,Take a slight left through doors,https://i.imgur.com/2F1aTAm.jpg
Zone 11,A15,A21,Continue straight,https://i.imgur.com/bHKefcK.jpg,Turn right,https://i.imgur.com/nIXHFuh.jpg
Zone 11,A22,A23,Take stairs down,https://i.imgur.com/2crwLnN.jpg,Turn left,https://i.imgur.com/ERUu250.jpg,Take stairs down,https://i.imgur.com/628gRht.jpg
Zone 11,A22,A24,Take stairs down,https://i.imgur.com/2crwLnN.jpg,Turn right,https://i.imgur.com/AL314g3.jpg,Take a slight left through doors,https://i.imgur.com/SqaYccE.jpg

Zone 12,A23,A12,Continue straight through doors,https://i.imgur.com/10PLIjk.jpg
Zone 12,A23,A22,Turn right,https://i.imgur.com/HEYaCdN.jpg,Take stairs up,https://i.imgur.com/0kUYRey.jpg,Continue straight,https://i.imgur.com/Ct3NLRq.jpg
Zone 12,A23,A24,Turn left,https://i.imgur.com/QQoFM1s.jpg,Turn right,https://i.imgur.com/AL314g3.jpg,Take a slight left through doors,https://i.imgur.com/SqaYccE.jpg
Zone 12,A24,A8,Continue straight,https://i.imgur.com/neYuQUp.jpg
Zone 12,A24,A9,Continue straight,https://i.imgur.com/neYuQUp.jpg,Turn left,https://i.imgur.com/2AIyu2B.jpg
Zone 12,A24,A22,Turn right,https://i.imgur.com/ghAZLv3.jpg,Turn left,https://i.imgur.com/6e64iXc.jpg,Take stairs up,https://i.imgur.com/0kUYRey.jpg,Continue straight,https://i.imgur.com/Ct3NLRq.jpg
Zone 12,A24,A23,Turn right,https://i.imgur.com/ghAZLv3.jpg,Turn left,https://i.imgur.com/6e64iXc.jpg,Turn right,https://i.imgur.com/xiy9zJl.jpg,Take stairs down,https://i.imgur.com/jp2w5mT.jpg

Zone 13,A12,A10,Turn right,https://i.imgur.com/4ezWaAo.jpg,Continue straight,https://i.imgur.com/bpmB2yG.jpg
Zone 13,A12,A11,Continue straight to elevator,https://i.imgur.com/xCLK16L.jpg
Zone 13,A12,A13,Continue straight to stairs,https://i.imgur.com/3xLABW1.jpg
Zone 13,A12,A14,Turn left,,Continue straight,https://i.imgur.com/2WbfGZV.jpg,Turn left through doors,https://i.imgur.com/KzYLHLS.jpg
Zone 13,A12,A23,Continue straight,https://i.imgur.com/DK5AUAb.jpg,Take stairs up,https://i.imgur.com/Rwya521.jpg

Zone 14,A8,A4,Turn right,https://i.imgur.com/bSjhK1q.jpg,Continue straight,https://i.imgur.com/W17QXR1.jpg
Zone 14,A8,A5,Take a slight left,https://i.imgur.com/ryv6SF0.jpg,Continue straight,https://i.imgur.com/j6hiRm4.jpg
Zone 14,A8,A7,Take a slight left,https://i.imgur.com/nfMCI9X.jpg,Take stairs down,https://i.imgur.com/JaAtXrS.jpg
Zone 14,A8,A9,Turn right,https://i.imgur.com/XBUrmCu.jpg,Continue straight,https://i.imgur.com/vo9ktv4.jpg
Zone 14,A8,A24,Continue straight,https://i.imgur.com/L5UsMIs.jpg,Turn right,https://i.imgur.com/1EupWwk.jpg
Zone 14,A9,A7,Turn left,https://i.imgur.com/AoraB9e.jpg,Turn right,https://i.imgur.com/2UvZzyA.jpg,Take stairs up,https://i.imgur.com/WoCYwym.jpg
Zone 14,A9,A8,Turn left,https://i.imgur.com/f2MphBd.jpg,Continue straight,https://i.imgur.com/OtSTpNJ.jpg
Zone 14,A9,A10,Turn left,https://i.imgur.com/AoraB9e.jpg,Continue straight,https://i.imgur.com/ksapCVp.jpg
Zone 14,A9,A24,Turn right,https://i.imgur.com/wd8S838.jpg,Continue straight,https://i.imgur.com/1uugEcm.jpg,Take a slight right,https://i.imgur.com/1EupWwk.jpg
Zone 14,A9,A27,Continue straight; then left,https://i.imgur.com/AoraB9e.jpg,Turn right,https://i.imgur.com/2UvZzyA.jpg,Exit building,https://i.imgur.com/luJ1rZu.jpg,Continue straight; then right,https://i.imgur.com/2rI7J8B.jpg
Zone 14,A9,A28,Continue straight; then left,https://i.imgur.com/AoraB9e.jpg,Turn right,https://i.imgur.com/2UvZzyA.jpg,Exit building,https://i.imgur.com/luJ1rZu.jpg,Turn right to elevator,https://i.imgur.com/XWcMZzJ.jpg
Zone 14,A9,A29,Continue straight; then left,https://i.imgur.com/AoraB9e.jpg,Turn right,https://i.imgur.com/2UvZzyA.jpg,Exit building,https://i.imgur.com/luJ1rZu.jpg,Turn right,https://i.imgur.com/8nFAYrY.jpg

Zone 17,B1,B2,Take a slight right to elevator,https://i.imgur.com/1DmpHdp.jpg
Zone 17,B1,B3,Take stairs up,https://i.imgur.com/qgYkl8N.jpg,Take a slight left to exit,https://i.imgur.com/G8CIq76.jpg
Zone 17,B1,B4,Take stairs up,https://i.imgur.com/qgYkl8N.jpg,Take a slight right through doors,https://i.imgur.com/tK7ymm0.jpg
Zone 17,B2,A3,Exit Floor 1,https://i.imgur.com/FalUYSI.jpg
Zone 17,B2,B1,Take a slight left,https://i.imgur.com/q1Hx1jN.jpg
Zone 17,B2,B3,Take a slight left,https://i.imgur.com/c5dOi6W.jpg,Take stairs up,https://i.imgur.com/3sfigkn.jpg,Take a slight left through doors,https://i.imgur.com/G8CIq76.jpg
Zone 17,B2,B4,Take a slight left,https://i.imgur.com/c5dOi6W.jpg,Take stairs up,https://i.imgur.com/3sfigkn.jpg,Take a slight right through doors,https://i.imgur.com/tK7ymm0.jpg
Zone 17,B2,C3,Exit Floor 3,https://i.imgur.com/IOapqIp.jpg
Zone 17,B3,B1,Take stairs down,https://i.imgur.com/I2MJFWq.jpg,Turn left,https://i.imgur.com/BkDdSoV.jpg
Zone 17,B3,B2,Take stairs down,https://i.imgur.com/I2MJFWq.jpg,Turn left to elevator,https://i.imgur.com/Rjzb5Nk.jpg
Zone 17,B3,B4,Take a slight left through doors,https://i.imgur.com/wAD0TD0.jpg
Zone 17,B4,B1,Take stairs down,https://i.imgur.com/aLEVwg7.jpg,Take stairs down,https://i.imgur.com/BkDdSoV.jpg
Zone 17,B4,B2,Take a slight left,https://i.imgur.com/aLEVwg7.jpg,Turn left to elevator,https://i.imgur.com/Rjzb5Nk.jpg
Zone 17,B4,B3,Take a slight right through doors,https://i.imgur.com/PKIP7rs.jpg
Zone 17,B4,B5,Turn left,https://i.imgur.com/hqI7YQJ.jpg,Continue straight to exit,https://i.imgur.com/WOZIvFu.jpg
Zone 17,B4,B6,Turn left,https://i.imgur.com/hqI7YQJ.jpg,Turn left to exit building,https://i.imgur.com/qtSw1Tl.jpg
Zone 17,B4,B7,Continue straight,https://i.imgur.com/Ewo94gb.jpg,Turn left to exit building,https://i.imgur.com/cq5OTL7.jpg

Zone 19,B18,B16,Continue straight,https://i.imgur.com/53K9ztJ.jpg,Take a slight left through doors,https://i.imgur.com/yMTrWiQ.jpg
Zone 19,B18,B17,Continue straight,https://i.imgur.com/53K9ztJ.jpg,Turn left to exit building,https://i.imgur.com/upDROov.jpg
Zone 19,B18,B20,Continue straight,https://i.imgur.com/V2GNrZz.jpg,Continue straight,https://i.imgur.com/OGRoPBe.jpg,Continue straight; then left,https://i.imgur.com/M1biAhN.jpg,Continue straight through doors,https://i.imgur.com/FkjqMwV.jpg
Zone 19,B18,B23,Continue straight,https://i.imgur.com/V2GNrZz.jpg,Exit building,https://i.imgur.com/ZBhMIzH.jpg
Zone 19,B18,B25,Take a slight right,https://i.imgur.com/69v0gxF.jpg,Continue straight,https://i.imgur.com/72yIcnH.jpg,Continue straight through doors,https://i.imgur.com/4SCMBK1.jpg

Zone 21,C3,A3,Exit Floor 1,https://i.imgur.com/FalUYSI.jpg
Zone 21,C3,B2,Exit Floor L,https://i.imgur.com/Ppvmgq5.jpg
Zone 21,C3,C1,Take a slight left,https://i.imgur.com/O8CUxtr.jpg,Continue straight through doors,https://i.imgur.com/NMjErUO.jpg

Zone 22,C6,C5,Take a slight right to elevator,https://i.imgur.com/z0PdbaC.jpg,Continue straight,https://i.imgur.com/NtKxDzE.jpg,Continue straight to exit,https://i.imgur.com/qPi1yvt.jpg
Zone 22,C6,C7,Turn right,https://i.imgur.com/4d1Unzq.jpg,Turn right,https://i.imgur.com/4d1Unzq.jpg
Zone 22,C6,C8,Turn right,https://i.imgur.com/Pp6W2sq.jpg,Take a right through doors,https://i.imgur.com/UmWeMhG.jpg,Turn right,https://i.imgur.com/Pp6W2sq.jpg,Take a right through doors,https://i.imgur.com/UmWeMhG.jpg
Zone 22,C6,C9,Turn left,https://i.imgur.com/NkuFiPg.jpg,Continue straight,https://i.imgur.com/rhxBN6z.jpg,Continue straight to exit,https://i.imgur.com/4CUV37u.jpg

Zone 23,C7,A11,Exit Floor 1,https://i.imgur.com/YCnjmsf.jpg
Zone 23,C7,B44,Exit Floor 2,https://i.imgur.com/yYrZ0Rz.jpg
Zone 23,C7,C6,Turn left,https://i.imgur.com/tLmpudc.jpg,Continue straight,https://i.imgur.com/SZv0Jnd.jpg
Zone 23,C7,D4,Exit Floor 4,https://i.imgur.com/EapjzJ9.jpg
Zone 23,C8,A13,Take stairs down,https://i.imgur.com/XalJ6M4.jpg
Zone 23,C8,C6,Take a slight left,https://i.imgur.com/sQCKbVh.jpg,Turn left,https://i.imgur.com/PpQKUuy.jpg,Continue straight,https://i.imgur.com/cHRufQE.jpg

Zone 24,D3,D2,Turn right,https://i.imgur.com/CeZnRAH.jpg,Continue straight,https://i.imgur.com/uaku62j.jpg,Continue straight to exit,https://i.imgur.com/aKvacJl.jpg
Zone 24,D3,D4,Take a slight right to elevator,https://i.imgur.com/i4WBIts.jpg
Zone 24,D3,D5,Turn right,https://i.imgur.com/8xzj7Uq.jpg,Take stairs down,https://i.imgur.com/dvaIo8r.jpg

Zone 25,D4,A11,Exit Floor 1,https://i.imgur.com/YCnjmsf.jpg
Zone 25,D4,B44,Exit Floor 2,https://i.imgur.com/yYrZ0Rz.jpg
Zone 25,D4,C7,Exit Floor 3,https://i.imgur.com/1ZF9zMV.jpg
Zone 25,D4,D3,Turn left,https://i.imgur.com/jzTO3pS.jpg,Continue straight,https://i.imgur.com/LgiFBpU.jpg
Zone 25,D5,C8,Take stairs down,https://i.imgur.com/DsenWfw.jpg
Zone 25,D5,D3,Continue straight; then left,https://i.imgur.com/mAqGOw2.jpg,Continue straight,https://i.imgur.com/LgiFBpU.jpg

Zone 26,B36,B33,Continue straight; then take slight right,https://i.imgur.com/lVD9T4D.jpg
Zone 26,B36,B34,Continue straight; then left,https://i.imgur.com/Zf3wQuf.jpg
Zone 26,B36,B37,Take a slight left,https://i.imgur.com/L87FDz1.jpg,Continue straight through doors,https://i.imgur.com/4qDOu4S.jpg
Zone 26,B36,B38,Turn right to exit building,https://i.imgur.com/5ca88bP.jpg

Zone 27,B37,B18,Continue straight; then left,https://i.imgur.com/BiISrSe.jpg,Continue straight through doors,https://i.imgur.com/oU0iAPP.jpg
Zone 27,B37,B36,Take a slight left,https://i.imgur.com/57qO5qs.jpg,Take a slight right through doors,https://i.imgur.com/NUxetjD.jpg
Zone 27,B37,B38,Turn left,https://i.imgur.com/57qO5qs.jpg,Exit building,https://i.imgur.com/4HfmAJV.jpg

OutZone 1,B7,B4,Continue straight,https://i.imgur.com/6PntGzu.jpg,Take a slight left through doors,https://i.imgur.com/yG09YCm.jpg
OutZone 1,B7,B5,Continue straight,https://i.imgur.com/6PntGzu.jpg,Take a slight left,https://i.imgur.com/IMovaFE.jpg
OutZone 1,B7,B6,Continue straight,https://i.imgur.com/6PntGzu.jpg,Take a slight left,https://i.imgur.com/bJutBYr.jpg
OutZone 1,B7,B8,Take a slight left,https://i.imgur.com/YgzJuCH.jpg
OutZone 1,B8,B5,Continue straight,https://i.imgur.com/dTyBFhG.jpg,Turn left to enter buidling,https://i.imgur.com/whVllMU.jpg
OutZone 1,B8,B6,Take a slight left through doors,https://i.imgur.com/cOunhVx.jpg
OutZone 1,B8,B7,Continue straight,https://i.imgur.com/33bLJZ1.jpg,Turn right to enter building,https://i.imgur.com/5HBcdqn.jpg
OutZone 1,B8,B9,Take a slight right,https://i.imgur.com/xZ5tQXB.jpg
OutZone 1,B8,B10,Continue straight,https://i.imgur.com/XIr6zDa.jpg
OutZone 1,B8,B11,Continue straight,https://i.imgur.com/dTyBFhG.jpg,Turn right,https://i.imgur.com/fmPaF9Q.jpg,Take a slight right through doors,https://i.imgur.com/jfESIXQ.jpg
OutZone 1,B8,B43,Continue straight; then right,https://i.imgur.com/dTyBFhG.jpg,Turn right to elevator,https://i.imgur.com/fmPaF9Q.jpg

OutZone 2,B5,B4,Continue straight,https://i.imgur.com/dBg2fTt.jpg,Take a slight right through doors,https://i.imgur.com/z7UN8KZ.jpg
OutZone 2,B5,B7,Continue straight,https://i.imgur.com/dBg2fTt.jpg,Take a slight left to exit,https://i.imgur.com/jAqbCzk.jpg
OutZone 2,B5,B8,Turn right,https://i.imgur.com/fbfSlx9.jpg,Take a slight right,https://i.imgur.com/0DYiz2Y.jpg
OutZone 2,B5,B9,Turn right,https://i.imgur.com/Yt8u89s.jpg,Continue straight,https://i.imgur.com/4EdyoTH.jpg
OutZone 2,B5,B10,Turn left,https://i.imgur.com/QiKyg5e.jpg,Continue straight,https://i.imgur.com/6cQdNge.jpg
OutZone 2,B5,B11,Take a slight right,https://i.imgur.com/wIFGSAj.jpg,Take a slight right,https://i.imgur.com/jfESIXQ.jpg
OutZone 2,B5,B43,Continue straight; then right,https://i.imgur.com/wIFGSAj.jpg,Turn right to elevator,https://i.imgur.com/eI6ydSX.jpg
OutZone 2,B6,B4,Continue straight,https://i.imgur.com/k83CgRP.jpg,Take a slight right to exit,https://i.imgur.com/z7UN8KZ.jpg
OutZone 2,B6,B7,Continue straight,https://i.imgur.com/iUecN38.jpg,Turn left to exit building,https://i.imgur.com/cq5OTL7.jpg
OutZone 2,B6,B8,Turn right,https://i.imgur.com/223mdLk.jpg,Take a slight right,https://i.imgur.com/0DYiz2Y.jpg
OutZone 2,B6,B9,Take a slight right,https://i.imgur.com/mzuf86X.jpg
OutZone 2,B6,B10,Turn left,https://i.imgur.com/eGGsfYl.jpg,Continue straight,https://i.imgur.com/6cQdNge.jpg
OutZone 2,B6,B11,Take a slight right,https://i.imgur.com/wIFGSAj.jpg,Take a slight right,https://i.imgur.com/jfESIXQ.jpg
OutZone 2,B6,B43,Continue straight; then right,https://i.imgur.com/wIFGSAj.jpg,Turn right to elevator,https://i.imgur.com/eI6ydSX.jpg
OutZone 2,B10,B5,Turn right to enter building,https://i.imgur.com/sQGzeg7.jpg
OutZone 2,B10,B6,Continue straight,https://i.imgur.com/xo7xjcl.jpg,Take a slight right through doors,https://i.imgur.com/ZXBxgeR.jpg
OutZone 2,B10,B8,Turn right to enter building,https://i.imgur.com/bmV9UuV.jpg
OutZone 2,B10,B9,Continue straight,https://i.imgur.com/BTYnfxx.jpg
OutZone 2,B10,B11,Take a slight left,https://i.imgur.com/eQ8TMSO.jpg,Take a slight right to elevator,https://i.imgur.com/jfESIXQ.jpg
OutZone 2,B10,B12,Turn left to enter buidling,https://i.imgur.com/lnmKmPv.jpg
OutZone 2,B10,B13,Turn right,https://i.imgur.com/elP81xC.jpg,Continue straight,https://i.imgur.com/o38Rhxz.jpg
OutZone 2,B10,B32,Continue straight,https://i.imgur.com/ggpuNTF.jpg,Take stairs up,https://i.imgur.com/uq23UVl.jpg
OutZone 2,B10,B43,Continue straight,https://i.imgur.com/eQ8TMSO.jpg,Turn right to elevator,https://i.imgur.com/eI6ydSX.jpg
OutZone 2,B43,B5,Turn left,https://i.imgur.com/ga1UQ8Y.jpg,Continue straight,https://i.imgur.com/p3AP4EL.jpg,Turn left to enter buidling,https://i.imgur.com/whVllMU.jpg
OutZone 2,B43,B6,Turn left,https://i.imgur.com/ga1UQ8Y.jpg,Continue straight,https://i.imgur.com/p3AP4EL.jpg,Turn left to enter buidling,https://i.imgur.com/4OOpC0s.jpg
OutZone 2,B43,B8,Turn left,https://i.imgur.com/ga1UQ8Y.jpg,Continue straight; then left,https://i.imgur.com/p3AP4EL.jpg,Continue straight,https://i.imgur.com/1nzEcHm.jpg
OutZone 2,B43,B10,Turn left,https://i.imgur.com/ga1UQ8Y.jpg,Continue straight,https://i.imgur.com/p3AP4EL.jpg,Continue straight,https://i.imgur.com/Vag5LvB.jpg

OutZone 3,B12,B10,Turn right,https://i.imgur.com/iryBKgt.jpg
OutZone 3,B12,B13,Continue straight,https://i.imgur.com/o38Rhxz.jpg
OutZone 3,B12,B32,Turn left,https://i.imgur.com/m0TR0lW.jpg,Take stairs up,https://i.imgur.com/SMxPqWQ.jpg
OutZone 3,B13,B10,Turn left,https://i.imgur.com/LY9XTvU.jpg,Continue straight,https://i.imgur.com/TQkKOWi.jpg
OutZone 3,B13,B12,Continue straight through doors,https://i.imgur.com/xaOgDj1.jpg
OutZone 3,B13,B14,Continue straight,https://i.imgur.com/RHVdxFK.jpg
OutZone 3,B13,B32,Take stairs up,https://i.imgur.com/PVhkaH1.jpg

OutZone 4,B14,B13,Continue straight,https://i.imgur.com/yQ2Rqdq.jpg
OutZone 4,B14,B15,Continue straight,https://i.imgur.com/MUDmVgJ.jpg,Turn left,https://i.imgur.com/3qsXbv9.jpg
OutZone 4,B14,B29,Continue straight,https://i.imgur.com/MUDmVgJ.jpg
OutZone 4,B14,B44,Continue straight; then right,https://i.imgur.com/xeiRFj4.jpg,Enter building,https://i.imgur.com/NAxViM9.jpg,Take a slight left to elevator,https://i.imgur.com/uTIy7ag.jpg
OutZone 4,B14,B47,Continue straight,https://i.imgur.com/MUDmVgJ.jpg,Continue straight; then right,https://i.imgur.com/qTYB6LU.jpg,Continue straight through doors,https://i.imgur.com/tQ2dQg7.jpg

OutZone 5,B15,B14,Turn right,https://i.imgur.com/H1HViAo.jpg,Continue straight,https://i.imgur.com/HgwKBe2.jpg
OutZone 5,B15,B16,Take a slight left through doors,https://i.imgur.com/wsVXwsz.jpg
OutZone 5,B15,B17,Continue straight through doors,https://i.imgur.com/rMOME2B.jpg
OutZone 5,B15,B29,Turn left,https://i.imgur.com/Dik4UjD.jpg,Continue straight,https://i.imgur.com/l2WEhFM.jpg
OutZone 5,B15,B35,Take a slight right through doors,https://i.imgur.com/RvBcsWd.jpg
OutZone 5,B15,B44,Continue straight; then take slight right,https://i.imgur.com/BISbkwC.jpg,Enter building,https://i.imgur.com/RUUSQ46.jpg,Take a slight left to elevator,https://i.imgur.com/uTIy7ag.jpg
OutZone 5,B15,B47,Continue straight; then take slight left,https://i.imgur.com/4bonKKu.jpg,Continue straight through doors,https://i.imgur.com/tQ2dQg7.jpg
OutZone 5,B16,B15,Continue straight,https://i.imgur.com/3qK3Ewo.jpg
OutZone 5,B16,B18,Continue straight,https://i.imgur.com/Pyetv3I.jpg,Continue straight through doors,https://i.imgur.com/7X6ulsr.jpg
OutZone 5,B17,B15,Continue straight,https://i.imgur.com/O4juTeY.jpg
OutZone 5,B17,B18,Continue straight,https://i.imgur.com/jMvrzN9.jpg,Continue straight through doors,https://i.imgur.com/7X6ulsr.jpg
OutZone 5,B35,B15,Continue straight,https://i.imgur.com/c3WALfG.jpg
OutZone 5,B35,B18,Continue straight,https://i.imgur.com/7zO6yrB.jpg,Take a slight right through doors,https://i.imgur.com/avwzgCe.jpg

OutZone 6,B29,B14,Continue straight,https://i.imgur.com/FAT5DX7.jpg
OutZone 6,B29,B15,Take a slight right,https://i.imgur.com/4VGnxnX.jpg,Continue straight,https://i.imgur.com/UwBgJqE.jpg
OutZone 6,B29,B27,Continue straight,https://i.imgur.com/fPdzBgj.jpg
OutZone 6,B29,B28,Take a left through doors,https://i.imgur.com/YeDcDTQ.jpg
OutZone 6,B29,B44,Continue straight,https://i.imgur.com/FAT5DX7.jpg,Continue straight; then left,https://i.imgur.com/IOkwIOR.jpg,Enter building,https://i.imgur.com/RUUSQ46.jpg,Take a slight left to elevator,https://i.imgur.com/uTIy7ag.jpg
OutZone 6,B29,B47,Continue straight; then take slight left,https://i.imgur.com/rR3iTgM.jpg,Continue straight through doors,https://i.imgur.com/tQ2dQg7.jpg

Outzone 6,B44,B14,Turn right to exit building,https://i.imgur.com/GPI5aZU.jpg,Continue straight; then left,https://i.imgur.com/27rIYdO.jpg
Outzone 6,B44,B15,Turn right to exit building,https://i.imgur.com/GPI5aZU.jpg,Continue straight,https://i.imgur.com/8Yx1Cet.jpg
Outzone 6,B44,B29,Turn right to exit building,https://i.imgur.com/GPI5aZU.jpg,Continue straight; then right,https://i.imgur.com/v1H68P8.jpg,Continue straight,https://i.imgur.com/q838Zf2.jpg
Outzone 6,B44,C7,Exit Floor 3,https://i.imgur.com/1ZF9zMV.jpg
Outzone 6,B44,D4,Exit Floor 4,https://i.imgur.com/EapjzJ9.jpg

OutZone 7,B27,B26,Take a slight left,https://i.imgur.com/9wHg3TN.jpg
OutZone 7,B27,B28,Turn right to enter building,https://i.imgur.com/58ugpgY.jpg
OutZone 7,B27,B29,Continue straight,https://i.imgur.com/cj6M7eo.jpg
OutZone 7,B27,B30,Take a slight right,https://i.imgur.com/xRadE6Y.jpg,Take a slight right,https://i.imgur.com/Mi5I3Ps.jpg,Continue straight,https://i.imgur.com/W9ldd0O.jpg
OutZone 7,B28,B27,Take a slight left,https://i.imgur.com/HWQOiII.jpg
OutZone 7,B28,B29,Take a slight right,https://i.imgur.com/5GZY0Zb.jpg
OutZone 7,B50,B27,Turn left,https://i.imgur.com/NmZmSnm.jpg
OutZone 7,B50,B28,Turn right,https://i.imgur.com/iMhS6Ej.jpg,Enter building,https://i.imgur.com/58ugpgY.jpg
OutZone 7,B50,B29,Turn right,https://i.imgur.com/NmZmSnm.jpg

OutZone 8,B30,B26,Continue straight,https://i.imgur.com/HJ6pUPX.jpg
OutZone 8,B30,B27,Take a slight left,https://i.imgur.com/UA4lb4d.jpg,Continue straight,https://i.imgur.com/qAv4eQl.jpg
OutZone 8,B30,B31,Turn right,https://i.imgur.com/UxGcKy2.jpg

OutZone 9,B31,B30,Take a slight left,https://i.imgur.com/qKpXrw8.jpg,Continue straight,https://i.imgur.com/XEBeRKj.jpg
OutZone 9,B31,C10,Take stairs up,https://i.imgur.com/YEjz1PU.jpg

OutZone 10,B24,B22,Continue straight,https://i.imgur.com/Rd4gxO3.jpg,Continue straight,https://i.imgur.com/Z2vPxCz.jpg
OutZone 10,B24,B23,Continue straight,https://i.imgur.com/Rd4gxO3.jpg,Take stairs up,https://i.imgur.com/SPxXblS.jpg,Turn left to enter buidling,https://i.imgur.com/YN3dPkB.jpg
OutZone 10,B24,B25,Continue straight,https://i.imgur.com/Rd4gxO3.jpg,Turn left,https://i.imgur.com/Z2vPxCz.jpg,Take a slight right,https://i.imgur.com/uHhX0x5.jpg,Continue straight,https://i.imgur.com/ZY5Nyxu.jpg
OutZone 10,B24,B26,Continue straight,https://i.imgur.com/XYhGGIp.jpg
OutZone 10,B24,B33,Continue straight,https://i.imgur.com/Rd4gxO3.jpg,Turn left,https://i.imgur.com/Z2vPxCz.jpg,Take a slight right,https://i.imgur.com/uHhX0x5.jpg,Turn right to enter building,https://i.imgur.com/gV6PeXs.jpg
OutZone 10,B24,B34,Continue straight,https://i.imgur.com/Rd4gxO3.jpg,Turn left,https://i.imgur.com/Z2vPxCz.jpg,Continue straight,https://i.imgur.com/w7JTtZY.jpg,Turn right to enter building,https://i.imgur.com/7XfCLqN.jpg
OutZone 10,B24,B38,Continue straight,https://i.imgur.com/Rd4gxO3.jpg,Turn left,https://i.imgur.com/Z2vPxCz.jpg,Enter building,https://i.imgur.com/1RIMUbS.jpg
OutZone 10,B24,B48,Turn right,https://i.imgur.com/R5RvX1w.jpg,Continue straight,https://i.imgur.com/6apEgXE.jpg,Take stairs down,https://i.imgur.com/FXVMo1J.jpg
OutZone 10,B24,B49,Continue straight,https://i.imgur.com/Rd4gxO3.jpg,Turn left,https://i.imgur.com/Z2vPxCz.jpg,Take a slight right,https://i.imgur.com/uHhX0x5.jpg,Continue straight,https://i.imgur.com/ZY5Nyxu.jpg
OutZone 10,B26,B24,Take a slight left,https://i.imgur.com/iMVBjDH.jpg
OutZone 10,B26,B27,Take a slight right,https://i.imgur.com/kxxWBpU.jpg
OutZone 10,B26,B30,Take a slight left,https://i.imgur.com/quu05yn.jpg
OutZone 10,B26,B48,Take stairs down,https://i.imgur.com/FXVMo1J.jpg
OutZone 10,B48,B22,Turn right,https://i.imgur.com/FbfjQDV.jpg,Continue straight,https://i.imgur.com/SGqZ2yu.jpg,Turn left,https://i.imgur.com/0SIOrsY.jpg,Continue straight,https://i.imgur.com/fvr8Fnr.jpg
OutZone 10,B48,B23,Turn right,https://i.imgur.com/FbfjQDV.jpg,Continue straight,https://i.imgur.com/SGqZ2yu.jpg,Turn left,https://i.imgur.com/0SIOrsY.jpg,Continue straight,https://i.imgur.com/fvr8Fnr.jpg
OutZone 10,B48,B24,Turn left,https://i.imgur.com/qMi45ui.jpg,Continue straight,,Take a slight left,https://i.imgur.com/qCdqDrv.jpg
OutZone 10,B48,B25,Enter building,https://i.imgur.com/gRpgHGc.jpg
OutZone 10,B48,B26,Turn right,
OutZone 10,B48,B33,Turn right,https://i.imgur.com/FbfjQDV.jpg,Continue straight,https://i.imgur.com/SGqZ2yu.jpg,Turn left to enter building,https://i.imgur.com/WAlxh5m.jpg
OutZone 10,B48,B34,Turn right,https://i.imgur.com/FbfjQDV.jpg,Continue straight,https://i.imgur.com/SGqZ2yu.jpg,Turn left,https://i.imgur.com/0SIOrsY.jpg,Turn left to enter buidling,https://i.imgur.com/MU6WgT7.jpg
OutZone 10,B48,B38,Turn right,https://i.imgur.com/FbfjQDV.jpg,Continue straight,https://i.imgur.com/SGqZ2yu.jpg,Turn left,https://i.imgur.com/0SIOrsY.jpg,Continue straight,https://i.imgur.com/fvr8Fnr.jpg
OutZone 10,B48,B49,Turn left,https://i.imgur.com/CKZUBXd.jpg,Continue straight,https://i.imgur.com/80efIwX.jpg

OutZone 11,B22,B20,Take a slight left through doors,https://i.imgur.com/6tTh0tU.jpg
OutZone 11,B22,B21,Continue straight,https://i.imgur.com/5NtMBjV.jpg
OutZone 11,B22,B23,Turn right,https://i.imgur.com/A2C2M4Z.jpg,Turn left to enter buidling,https://i.imgur.com/YN3dPkB.jpg
OutZone 11,B22,B24,Continue straight,https://i.imgur.com/UYhvShe.jpg,Take a slight right,https://i.imgur.com/RUKd9JW.jpg
OutZone 11,B22,B25,Continue straight; then take slight right,https://i.imgur.com/UYhvShe.jpg,Continue straight; then right,https://i.imgur.com/LOUrwhm.jpg,Continue straight,https://i.imgur.com/ZY5Nyxu.jpg,Turn right to enter building,https://i.imgur.com/NzdMQDf.jpg
OutZone 11,B22,B33,Continue straight; then take slight right,https://i.imgur.com/UYhvShe.jpg,Continue straight; then right,https://i.imgur.com/NrMHmJZ.jpg,Turn right to enter building,https://i.imgur.com/gV6PeXs.jpg
OutZone 11,B22,B34,Continue straight; then take slight right,https://i.imgur.com/UYhvShe.jpg,Continue straight; then right,https://i.imgur.com/7XfCLqN.jpg
OutZone 11,B22,B38,Continue straight,https://i.imgur.com/UYhvShe.jpg,Take a right through doors,https://i.imgur.com/1RIMUbS.jpg
OutZone 11,B22,B48,Continue straight; then take slight right,https://i.imgur.com/UYhvShe.jpg,Continue straight; then right,https://i.imgur.com/LOUrwhm.jpg,Take stairs up,https://i.imgur.com/3TfJdN9.jpg
OutZone 11,B22,B49,Continue straight; then take slight right,https://i.imgur.com/UYhvShe.jpg,Continue straight; then right,https://i.imgur.com/LOUrwhm.jpg,Continue straight,https://i.imgur.com/ZY5Nyxu.jpg,Continue straight,https://i.imgur.com/80efIwX.jpg
OutZone 11,B23,B18,Continue straight,https://i.imgur.com/0phR5vr.jpg,Continue straight through doors,https://i.imgur.com/oU0iAPP.jpg
OutZone 11,B23,B22,Take a slight left,https://i.imgur.com/B90J7BD.jpg,Continue straight,https://i.imgur.com/IyLDbJS.jpg
OutZone 11,B23,B24,Take a slight right,https://i.imgur.com/VpNIXFC.jpg,Continue straight; then right,https://i.imgur.com/RUKd9JW.jpg
OutZone 11,B23,B25,Take a slight left,https://i.imgur.com/sOxOHra.jpg,Continue straight,https://i.imgur.com/72yIcnH.jpg,Continue straight through doors,https://i.imgur.com/4SCMBK1.jpg
OutZone 11,B23,B34,Take a slight right,https://i.imgur.com/VpNIXFC.jpg,Turn right to enter building,https://i.imgur.com/7XfCLqN.jpg
OutZone 11,B23,B38,Take a slight right,https://i.imgur.com/VpNIXFC.jpg,Turn right to enter building,https://i.imgur.com/1RIMUbS.jpg
OutZone 11,B23,B48,Take a slight right,https://i.imgur.com/VpNIXFC.jpg,Continue straight; then right,https://i.imgur.com/LOUrwhm.jpg,Take stairs up,https://i.imgur.com/3TfJdN9.jpg
OutZone 11,B23,B49,Take a slight right,https://i.imgur.com/VpNIXFC.jpg,Continue straight; then right,https://i.imgur.com/LOUrwhm.jpg,Continue straight,https://i.imgur.com/ZY5Nyxu.jpg,Continue straight,https://i.imgur.com/80efIwX.jpg
OutZone 11,B25,B18,Continue straight,https://i.imgur.com/laqoEsJ.jpg,Take a slight left through doors,https://i.imgur.com/IGkTJ4P.jpg,Continue straight through doors,https://i.imgur.com/oU0iAPP.jpg
OutZone 11,B25,B22,Turn left,https://i.imgur.com/EuGyEoo.jpg,Continue straight,https://i.imgur.com/SGqZ2yu.jpg,Turn left,https://i.imgur.com/0SIOrsY.jpg,Continue straight,https://i.imgur.com/fvr8Fnr.jpg
OutZone 11,B25,B23,Continue straight,https://i.imgur.com/laqoEsJ.jpg,Turn right,https://i.imgur.com/ODts1ln.jpg,Continue straight through doors,https://i.imgur.com/ZBhMIzH.jpg
OutZone 11,B25,B24,Turn left,https://i.imgur.com/EuGyEoo.jpg,Continue straight,https://i.imgur.com/SGqZ2yu.jpg,Turn left,https://i.imgur.com/0SIOrsY.jpg,Continue straight,https://i.imgur.com/fvr8Fnr.jpg
OutZone 11,B25,B33,Turn left,https://i.imgur.com/EuGyEoo.jpg,Continue straight,https://i.imgur.com/SGqZ2yu.jpg,Turn left to enter building,https://i.imgur.com/WAlxh5m.jpg
OutZone 11,B25,B34,Turn left,https://i.imgur.com/EuGyEoo.jpg,Continue straight,https://i.imgur.com/SGqZ2yu.jpg,Turn left,https://i.imgur.com/0SIOrsY.jpg,Turn left to enter buidling,https://i.imgur.com/MU6WgT7.jpg
OutZone 11,B25,B38,Turn left,https://i.imgur.com/EuGyEoo.jpg,Continue straight,https://i.imgur.com/SGqZ2yu.jpg,Turn left,https://i.imgur.com/0SIOrsY.jpg,Continue straight,https://i.imgur.com/fvr8Fnr.jpg
OutZone 11,B25,B48,Take stairs up,https://i.imgur.com/Vd4FaHU.jpg
OutZone 11,B25,B49,Continue straight,https://i.imgur.com/80efIwX.jpg
OutZone 11,B33,B22,Turn left,https://i.imgur.com/Z2fiW31.jpg,Turn left,https://i.imgur.com/0SIOrsY.jpg,Continue straight,https://i.imgur.com/fvr8Fnr.jpg,Continue straight,https://i.imgur.com/jfq23Hr.jpg
OutZone 11,B33,B23,Turn left,https://i.imgur.com/Z2fiW31.jpg,Turn left,https://i.imgur.com/0SIOrsY.jpg,Continue straight,https://i.imgur.com/fvr8Fnr.jpg,Take stairs up,https://i.imgur.com/SPxXblS.jpg
OutZone 11,B33,B24,Turn left,https://i.imgur.com/Z2fiW31.jpg,Turn left,https://i.imgur.com/0SIOrsY.jpg,Continue straight,https://i.imgur.com/fvr8Fnr.jpg,Turn right,https://i.imgur.com/xb0QAAP.jpg
OutZone 11,B33,B25,Turn right,https://i.imgur.com/5JkzS9S.jpg,Turn right to enter building,https://i.imgur.com/NzdMQDf.jpg
OutZone 11,B33,B36,Continue straight through doors,https://i.imgur.com/dvSdxtP.jpg
OutZone 11,B33,B48,Turn right,https://i.imgur.com/5JkzS9S.jpg,Take stairs up,https://i.imgur.com/3TfJdN9.jpg
OutZone 11,B33,B49,Turn right,https://i.imgur.com/5JkzS9S.jpg,Continue straight,https://i.imgur.com/80efIwX.jpg
OutZone 11,B34,B22,Turn left,https://i.imgur.com/JuCk1I1.jpg,Continue straight,https://i.imgur.com/fvr8Fnr.jpg,Continue straight,https://i.imgur.com/jfq23Hr.jpg
OutZone 11,B34,B23,Turn left,https://i.imgur.com/JuCk1I1.jpg,Continue straight,https://i.imgur.com/fvr8Fnr.jpg,Take stairs up,https://i.imgur.com/SPxXblS.jpg,Turn left to enter buidling,https://i.imgur.com/YN3dPkB.jpg
OutZone 11,B34,B24,Turn left,https://i.imgur.com/JuCk1I1.jpg,Continue straight,https://i.imgur.com/fvr8Fnr.jpg,Turn right,https://i.imgur.com/xb0QAAP.jpg,Continue straight,https://i.imgur.com/NrMHmJZ.jpg
OutZone 11,B34,B25,Turn right,https://i.imgur.com/KT8Zl3I.jpg,Turn right,https://i.imgur.com/LOUrwhm.jpg,Continue straight,https://i.imgur.com/3TfJdN9.jpg,Turn right to enter building,https://i.imgur.com/NzdMQDf.jpg
OutZone 11,B34,B36,Turn right,https://i.imgur.com/Edp4oZy.jpg,Continue straight through doors,https://i.imgur.com/dvSdxtP.jpg
OutZone 11,B34,B48,Turn right,https://i.imgur.com/KT8Zl3I.jpg,Turn right,https://i.imgur.com/LOUrwhm.jpg,Continue straight,https://i.imgur.com/3TfJdN9.jpg,Take stairs up,https://i.imgur.com/3TfJdN9.jpg
OutZone 11,B34,B49,Turn right,https://i.imgur.com/KT8Zl3I.jpg,Turn right,https://i.imgur.com/LOUrwhm.jpg,Continue straight,https://i.imgur.com/3TfJdN9.jpg,Continue straight,https://i.imgur.com/80efIwX.jpg
OutZone 11,B38,B22,Turn left,https://i.imgur.com/WeB28kN.jpg,Continue straight,https://i.imgur.com/jfq23Hr.jpg
OutZone 11,B38,B24,Continue straight; then right,https://i.imgur.com/zNdQkmE.jpg,Continue straight,https://i.imgur.com/NrMHmJZ.jpg,Take a slight right,https://i.imgur.com/RUKd9JW.jpg
OutZone 11,B38,B36,Take a left through doors,https://i.imgur.com/VHoIm1D.jpg
OutZone 11,B38,B37,Continue straight,https://i.imgur.com/dQi93AC.jpg,Take a right through doors,https://i.imgur.com/4qDOu4S.jpg
OutZone 11,B38,B48,Turn right,https://i.imgur.com/zNdQkmE.jpg,Continue straight,https://i.imgur.com/KBwZ6YM.jpg,Turn right,https://i.imgur.com/LOUrwhm.jpg,Continue straight,https://i.imgur.com/ZY5Nyxu.jpg
OutZone 11,B38,B49,Turn right,https://i.imgur.com/zNdQkmE.jpg,Continue straight,https://i.imgur.com/KBwZ6YM.jpg,Turn right,https://i.imgur.com/LOUrwhm.jpg,Continue straight,https://i.imgur.com/ZY5Nyxu.jpg
OutZone 11,B49,B22,Continue straight,https://i.imgur.com/pwpFXYx.jpg,Continue straight,https://i.imgur.com/SGqZ2yu.jpg,Turn left,https://i.imgur.com/0SIOrsY.jpg,Continue straight,https://i.imgur.com/fvr8Fnr.jpg
OutZone 11,B49,B23,Continue straight,https://i.imgur.com/pwpFXYx.jpg,Continue straight,https://i.imgur.com/SGqZ2yu.jpg,Turn left,https://i.imgur.com/0SIOrsY.jpg,Continue straight; then left,https://i.imgur.com/jfq23Hr.jpg
OutZone 11,B49,B24,Continue straight,https://i.imgur.com/pwpFXYx.jpg,Continue straight,https://i.imgur.com/SGqZ2yu.jpg,Turn left,https://i.imgur.com/0SIOrsY.jpg,Continue straight,https://i.imgur.com/fvr8Fnr.jpg
OutZone 11,B49,B25,Turn left to enter buidling,https://i.imgur.com/VZLVdUD.jpg
OutZone 11,B49,B33,Continue straight,https://i.imgur.com/pwpFXYx.jpg,Continue straight,https://i.imgur.com/SGqZ2yu.jpg,Turn left to enter building,https://i.imgur.com/WAlxh5m.jpg
OutZone 11,B49,B34,Continue straight,https://i.imgur.com/pwpFXYx.jpg,Continue straight,https://i.imgur.com/SGqZ2yu.jpg,Turn left,https://i.imgur.com/0SIOrsY.jpg,Turn left to enter buidling,https://i.imgur.com/MU6WgT7.jpg
OutZone 11,B49,B38,Continue straight,https://i.imgur.com/pwpFXYx.jpg,Continue straight,https://i.imgur.com/SGqZ2yu.jpg,Turn left,https://i.imgur.com/0SIOrsY.jpg,Continue straight,https://i.imgur.com/fvr8Fnr.jpg
OutZone 11,B49,B48,Take stairs up,https://i.imgur.com/tfvPdAZ.jpg
OutZone 11,B49,B50,Continue straight,https://i.imgur.com/JbJM9wJ.jpg

OutZone 12,B20,B18,Take the stairs up,https://i.imgur.com/UiyU0lX.jpg,Continue straight,https://i.imgur.com/1pZDTZS.jpg,Continue straight; then take slight right,https://i.imgur.com/mchHLtI.jpg,Continue straight through doors,https://i.imgur.com/oU0iAPP.jpg
OutZone 12,B20,B21,Turn left,https://i.imgur.com/Vjh8Raw.jpg
OutZone 12,B20,B22,Turn right,https://i.imgur.com/m4zVAPA.jpg
OutZone 12,B20,B23,Take the stairs up,https://i.imgur.com/UiyU0lX.jpg,Continue straight,https://i.imgur.com/1pZDTZS.jpg,Continue straight; then take slight left,https://i.imgur.com/0OcQ64G.jpg,Continue straight through doors,https://i.imgur.com/ZBhMIzH.jpg
OutZone 12,B20,B25,Take the stairs up,https://i.imgur.com/UiyU0lX.jpg,Continue straight,https://i.imgur.com/1pZDTZS.jpg,Continue straight,https://i.imgur.com/72yIcnH.jpg,Continue straight through doors,https://i.imgur.com/4SCMBK1.jpg
OutZone 12,B20,B37,Take the stairs up,https://i.imgur.com/UiyU0lX.jpg,Continue straight,https://i.imgur.com/1pZDTZS.jpg,Continue straight,https://i.imgur.com/xHZbedn.jpg
OutZone 12,B21,B20,Take stairs down,https://i.imgur.com/J7oI71Z.jpg
OutZone 12,B21,B22,Continue straight,https://i.imgur.com/tSg0lV5.jpg
OutZone 12,B21,B41,Turn left,,Continue straight,

OutZone 13,B9,B5,Continue straight,https://i.imgur.com/W6mCsfl.jpg,Turn left to enter buidling,https://i.imgur.com/whVllMU.jpg
OutZone 13,B9,B6,Take a slight left through doors,https://i.imgur.com/4OOpC0s.jpg
OutZone 13,B9,B8,Turn left,https://i.imgur.com/1nzEcHm.jpg
OutZone 13,B9,B10,Continue straight,https://i.imgur.com/ir1Mqhl.jpg
OutZone 13,B9,B11,Turn right,https://i.imgur.com/UTeJzqC.jpg,Turn right,https://i.imgur.com/fmPaF9Q.jpg,Take a slight right through doors,https://i.imgur.com/jfESIXQ.jpg
OutZone 13,B9,B39,Take stairs down,https://i.imgur.com/cN0xT7I.jpg,Take a slight right,https://i.imgur.com/YXURWpQ.jpg,Take a slight left,https://i.imgur.com/UbqmsOP.jpg
OutZone 13,B9,B45,Take stairs down,https://i.imgur.com/cN0xT7I.jpg,Turn left,,Continue straight; then left,https://i.imgur.com/BM7r4op.jpg
OutZone 13,B39,B9,Take stairs up,https://i.imgur.com/f3MDEq8.jpg
OutZone 13,B39,B40,Continue straight; then take slight right,https://i.imgur.com/ArpjBZP.jpg,Continue straight,https://i.imgur.com/qnmaXvM.jpg,Continue straight; then take slight right,https://i.imgur.com/e0Pb2FC.jpg
OutZone 13,B39,B45,Continue straight; then left,,Turn left,https://i.imgur.com/BM7r4op.jpg
OutZone 13,B45,B9,Turn left and continue straight,https://i.imgur.com/swtxXWi.jpg,Take stairs up,https://i.imgur.com/bqFEauZ.jpg
OutZone 13,B45,B39,Turn left and continue straight,https://i.imgur.com/swtxXWi.jpg,Turn right,https://i.imgur.com/nPvEYdD.jpg,Continue straight,https://i.imgur.com/YXURWpQ.jpg

OutZone 14,B40,A25,Take stairs up,https://i.imgur.com/XGQsESp.jpg
OutZone 14,B40,B39,Continue straight; then take slight left,https://i.imgur.com/W6RIGJy.jpg,Continue straight,https://i.imgur.com/XYgZiBN.jpg,Continue straight; then take slight left,https://i.imgur.com/Z2GdSLr.jpg

OutZone 15,B41,B21,Continue straight,https://i.imgur.com/4USlxu5.jpg,Continue straight; then right,https://i.imgur.com/k0lgLi9.jpg

OutZone 16,A25,A1,Continue straight,https://i.imgur.com/GJ9ys4z.jpg,Take a slight left,https://i.imgur.com/JTiBU76.jpg,Turn right to enter building,https://i.imgur.com/r9EG9w2.jpg
OutZone 16,A25,A6,Turn right to enter building,https://i.imgur.com/JWgi3lV.jpg
OutZone 16,A26,A1,Turn left to enter buidling,https://i.imgur.com/5pSrDWL.jpg
OutZone 16,A26,A6,Continue straight; then left,https://i.imgur.com/2yqYYCx.jpg,Turn right and continue straight,https://i.imgur.com/mA5pKBs.jpg?,Turn left to enter buidling,https://i.imgur.com/US6tHSP.jpg

OutZone 22,C1,C2,Take a slight left,https://i.imgur.com/RzpcEGo.jpg
OutZone 22,C1,C3,Continue straight,https://i.imgur.com/596AUER.jpg,Turn right to elevator,https://i.imgur.com/g7kjqzo.jpg
OutZone 22,C2,C1,Take a slight right through doors,https://i.imgur.com/98a9IFx.jpg

OutZone 23,C4,B11,Take stairs down,https://i.imgur.com/50ImOmh.jpg
OutZone 23,C4,C5,Take a slight left,https://i.imgur.com/rmOkTba.jpg,Take a slight right through doors,https://i.imgur.com/BgywC2v.jpg
OutZone 23,C4,D1,Take stairs up,https://i.imgur.com/afyyFZF.jpg
OutZone 23,C5,C4,Continue straight; then right,https://i.imgur.com/M9Kir2O.jpg,Continue straight; then right,https://i.imgur.com/M9Kir2O.jpg
OutZone 23,C5,C6,Continue straight,https://i.imgur.com/rXCyhCK.jpg,Turn left,https://i.imgur.com/XdL6e69.jpg
OutZone 23,C5,C9,Turn right,https://i.imgur.com/rXCyhCK.jpg,Continue straight,https://i.imgur.com/4CUV37u.jpg

OutZone  24,C9,C5,Continue straight,https://i.imgur.com/d0oxrXb.jpg,Continue straight through doors,https://i.imgur.com/MkZ2Z2W.jpg
OutZone  24,C9,C6,Continue straight,https://i.imgur.com/cnYat2Z.jpg,Turn right,https://i.imgur.com/ml8EPFI.jpg
OutZone  24,C9,C10,Continue straight,https://i.imgur.com/iHMxhm5.jpg
OutZone  24,C10,B31,Take stairs down,https://i.imgur.com/6WsNV5I.jpg
OutZone  24,C10,C9,Take a slight right through doors,https://i.imgur.com/hdsp35l.jpg

OutZone 25,D1,D2,Take a slight right through doors,https://i.imgur.com/2TM7Dj0.jpg
OutZone 25,D2,D1,Take a slight right through doors,https://i.imgur.com/a2eMG5m.jpg
OutZone 25,D2,D3,Continue straight,https://i.imgur.com/h9aiepW.jpg,Turn left,https://i.imgur.com/GW7dSvw.jpg
